{
  "timestamp": "2026-05-08T02:26:14.872532",
  "dataset_shape": [
    48842,
    15
  ],
  "strategy": "smote",
  "train_test_split_seed": 42,
  "hyperparameters": {},
  "model_type": "uploaded_model",
  "warnings": [],
  "original_metrics": {
    "accuracy": 0.8543351417750026,
    "precision": 0.7432216905901117,
    "recall": 0.5979469632164243,
    "f1": 0.6627162834794975,
    "roc_auc": 0.9074340505217144,
    "confusion_matrix": [
      [
        6948,
        483
      ],
      [
        940,
        1398
      ]
    ],
    "dpd": 0.21396156855493612,
    "eod": 0.20023540274770346,
    "di": 0.31997157027934564,
    "fairness_score": 0.7929015143486802
  },
  "mitigated_metrics": {
    "accuracy": 0.8105230832224384,
    "precision": 0.5707643126997965,
    "recall": 0.8400342172797263,
    "f1": 0.679702370652362,
    "roc_auc": 0.9049974910321235,
    "confusion_matrix": [
      [
        5954,
        1477
      ],
      [
        374,
        1964
      ]
    ],
    "dpd": 0.339441146775172,
    "eod": 0.25442028044985565,
    "di": 0.3942410912757549,
    "fairness_score": 0.7030692863874861
  },
  "final_metrics": {
    "accuracy": 0.8105728676139389,
    "precision": 0.5703066350984581,
    "recall": 0.8450414991015659,
    "f1": 0.6810095159288374,
    "roc_auc": 0.9070787222596775,
    "confusion_matrix": [
      [
        29714,
        7441
      ],
      [
        1811,
        9876
      ]
    ],
    "dpd": 0.33119315621030193,
    "eod": 0.24140857987728945,
    "di": 0.3965826239218414,
    "fairness_score": 0.7136991319562043
  }
}