{
  "timestamp": "2026-05-08T02:22:30.739510",
  "dataset_shape": [
    48842,
    15
  ],
  "strategy": "reweighting",
  "train_test_split_seed": 42,
  "hyperparameters": {},
  "model_type": "uploaded_model",
  "original_metrics": {
    "accuracy": 0.8533229597477581,
    "precision": 0.73673191667539,
    "recall": 0.6022075810729871,
    "f1": 0.6627118644067796,
    "roc_auc": 0.9079565832417317,
    "confusion_matrix": [
      [
        34640,
        2515
      ],
      [
        4649,
        7038
      ]
    ],
    "dpd": 0.20142123598765738,
    "eod": 0.16891289487798153,
    "di": 0.37144657256351343,
    "fairness_score": 0.8148329345671805
  },
  "mitigated_metrics": {
    "accuracy": 0.8533229597477581,
    "precision": 0.73673191667539,
    "recall": 0.6022075810729871,
    "f1": 0.6627118644067796,
    "roc_auc": 0.9079565832417317,
    "confusion_matrix": [
      [
        34640,
        2515
      ],
      [
        4649,
        7038
      ]
    ],
    "dpd": 0.20142123598765738,
    "eod": 0.16891289487798153,
    "di": 0.37144657256351343,
    "fairness_score": 0.8148329345671805
  },
  "final_metrics": {
    "accuracy": 0.8533229597477581,
    "precision": 0.73673191667539,
    "recall": 0.6022075810729871,
    "f1": 0.6627118644067796,
    "roc_auc": 0.9079565832417317,
    "confusion_matrix": [
      [
        34640,
        2515
      ],
      [
        4649,
        7038
      ]
    ],
    "dpd": 0.20142123598765738,
    "eod": 0.16891289487798153,
    "di": 0.37144657256351343,
    "fairness_score": 0.8148329345671805
  }
}