{
  "timestamp": "2026-05-08T02:21:58.027609",
  "dataset_shape": [
    48842,
    15
  ],
  "strategy": "smote",
  "train_test_split_seed": 42,
  "hyperparameters": {},
  "model_type": "uploaded_model",
  "original_metrics": {
    "accuracy": 0.8533229597477581,
    "precision": 0.73673191667539,
    "recall": 0.6022075810729871,
    "f1": 0.6627118644067796,
    "roc_auc": 0.9079565832417317,
    "confusion_matrix": [
      [
        34640,
        2515
      ],
      [
        4649,
        7038
      ]
    ],
    "dpd": 0.20142123598765738,
    "eod": 0.16891289487798153,
    "di": 0.37144657256351343,
    "fairness_score": 0.8148329345671805
  },
  "mitigated_metrics": {
    "accuracy": 0.8533229597477581,
    "precision": 0.73673191667539,
    "recall": 0.6022075810729871,
    "f1": 0.6627118644067796,
    "roc_auc": 0.9079565832417317,
    "confusion_matrix": [
      [
        34640,
        2515
      ],
      [
        4649,
        7038
      ]
    ],
    "dpd": 0.20142123598765738,
    "eod": 0.16891289487798153,
    "di": 0.37144657256351343,
    "fairness_score": 0.8148329345671805
  },
  "final_metrics": {
    "accuracy": 0.8537119692068302,
    "precision": 0.7378010471204188,
    "recall": 0.6028921023359288,
    "f1": 0.6635588830814145,
    "roc_auc": 0.9077416121532784,
    "confusion_matrix": [
      [
        34651,
        2504
      ],
      [
        4641,
        7046
      ]
    ],
    "dpd": 0.20175335137373807,
    "eod": 0.17209810954784638,
    "di": 0.3795909357701633,
    "fairness_score": 0.8130742695392078
  }
}