{
  "timestamp": "2026-05-08T02:25:37.972994",
  "dataset_shape": [
    48842,
    15
  ],
  "strategy": "reweighting",
  "train_test_split_seed": 42,
  "hyperparameters": {},
  "model_type": "uploaded_model",
  "warnings": [],
  "original_metrics": {
    "accuracy": 0.8543351417750026,
    "precision": 0.7432216905901117,
    "recall": 0.5979469632164243,
    "f1": 0.6627162834794975,
    "roc_auc": 0.9074340505217144,
    "confusion_matrix": [
      [
        6948,
        483
      ],
      [
        940,
        1398
      ]
    ],
    "dpd": 0.21396156855493612,
    "eod": 0.20023540274770346,
    "di": 0.31997157027934564,
    "fairness_score": 0.7929015143486802
  },
  "mitigated_metrics": {
    "accuracy": 0.8543351417750026,
    "precision": 0.7432216905901117,
    "recall": 0.5979469632164243,
    "f1": 0.6627162834794975,
    "roc_auc": 0.9074340505217144,
    "confusion_matrix": [
      [
        6948,
        483
      ],
      [
        940,
        1398
      ]
    ],
    "dpd": 0.21396156855493612,
    "eod": 0.20023540274770346,
    "di": 0.31997157027934564,
    "fairness_score": 0.7929015143486802
  },
  "final_metrics": {
    "accuracy": 0.8533229597477581,
    "precision": 0.73673191667539,
    "recall": 0.6022075810729871,
    "f1": 0.6627118644067796,
    "roc_auc": 0.9079565832417317,
    "confusion_matrix": [
      [
        34640,
        2515
      ],
      [
        4649,
        7038
      ]
    ],
    "dpd": 0.20142123598765738,
    "eod": 0.16891289487798153,
    "di": 0.37144657256351343,
    "fairness_score": 0.8148329345671805
  }
}